target,pretty,MAE,RMSE,Spearman,Pearson
success,Success (Placement-derived),0.17977949029877663,0.22130801145714288,0.7097076498856197,0.7099276399448277
judge,Judges (Early Mean W1-3),0.012105012899542862,0.044283619081158104,0.9996121443711795,0.9991677580559863
fan,Fans (Early Mean W1-3),0.0015937874871092147,0.013959092415861843,0.9998883916007443,0.9647676566867275
