target,MAE,RMSE,Pearson,Spearman
success,0.19411908135494182,0.23865436427106423,0.707316636979833,0.6743256006016725
judge,3.6913625816205733,4.400734618798268,0.36155905061465216,0.37286838658472105
fan,0.04395988446138376,0.059840205765417,0.09568345093646237,0.12107223673055548
