s_share_mean,s_share_std,s_share_p10,s_share_p50,s_share_p90
0.07978090021433674,0.06513102298716063,0.0,0.07999179842282103,0.16174958939092376
