s_share_mean,s_share_std,s_share_p10,s_share_p50,s_share_p90
0.07978090021433674,0.09305703561351263,0.0,0.06543121011862665,0.17754186379435433
