{"alpha_grid":[-0.2,-0.1291666667,-0.0583333333,0.0125,0.0833333333,0.1541666667,0.225,0.2958333333,0.3666666667,0.4375,0.5083333333,0.5791666667,0.65,0.7208333333,0.7916666667,0.8625,0.9333333333,1.0041666667,1.075,1.1458333333,1.2166666667,1.2875,1.3583333333,1.4291666667,1.5],"n_s0_samples":100,"refine_steps":20,"refine_scale":0.3,"weekly_elim_weight":3.0,"rank_mse_weight":1.0,"entropy_weight":0.02,"low_share_threshold":0.05,"high_share_threshold":0.6,"extreme_share_penalty_weight":0.1,"alpha_penalty":0.0,"judge_scale":0.5,"s0_prior_scale":6.0,"s0_prior_conc":5.0,"bootstrap_runs":6,"fast_mode":false,"seed":42,"regimes":{"1-2":"rank","3-27":"percent","28+":"rank_bottom2"}}