s_share_mean,s_share_std,s_share_p10,s_share_p50,s_share_p90
0.07978090021433674,0.06661745159296524,0.0,0.07860691987360621,0.16312444089415998
