controversy_type,regime,n,mean_simulated_controversy,mean_placement
fan_favored,rank_judge_save,13,0.25117105117105115,5.615384615384615
fan_favored,rank_fan_decide,13,0.25117105117105115,5.615384615384615
fan_favored,percent_judge_save,13,0.4151570651570651,3.4615384615384617
fan_favored,percent_fan_decide,13,0.4151570651570651,3.4615384615384617
judge_favored,rank_judge_save,8,0.36379662004662006,7.75
judge_favored,rank_fan_decide,8,0.36379662004662006,7.75
judge_favored,percent_judge_save,8,0.3978875291375291,8.125
judge_favored,percent_fan_decide,8,0.38827214452214454,8.0
