Model,R2,MAE (Score),Spearman (Rank Accuracy)
RandomForest,0.3733166233601837,0.2034397998842303,0.63606345686813
GradientBoosting,0.37736144394811,0.2044460872515451,0.6503244404183298
