factor,judge_effect,fan_effect,judge_p,fan_p,effect_type,ratio,abs_diff
age,-0.3539036173102348,-0.23922192803966927,7.239013401275398e-14,6.830671176168683e-07,Pearson r,1.479394553042597,0.11468168927056552
industry,0.06295959036713081,0.014822535246176612,0.0007110645551123287,0.62514736266707,η²,4.247558823202723,0.048137055120954196
pro_partner,0.11480674595370435,0.028235703446125946,1.20905260411759e-06,0.4595578507660263,η²,4.0660133073276175,0.08657104250757841
homestate,0.04121096218756125,0.022667486502769153,0.06553498495006657,0.48613758149222375,η²,1.8180649267190143,0.018543475684792095
country_region,0.013700916591777733,0.003459191171181538,0.5746579395698314,0.9845442012935232,η²,3.960728365035108,0.010241725420596195
