factor,judge_effect,fan_effect,diff,p_different,ci_low,ci_hi
age,-0.3539036173102348,-0.28089763409401153,0.07300598321622326,0.169,-0.03231917626205283,0.17019474553127284
industry,0.06295959036713081,0.02915716283738015,0.033802427529750656,0.222,-0.016186330361440425,0.09190027181365854
pro_partner,0.11480674595370435,0.03874699659614475,0.0760597493575596,0.029,0.0095813536023055,0.14844508226199266
homestate,0.04121096218756125,0.040773737721954466,0.00043722446560678224,0.958,-0.05427886535979368,0.05042068723236026
country_region,0.013700916591777733,0.013012162247484119,0.0006887543442936142,0.828,-0.03243861380870683,0.02798377451634954
