factor,judge_effect,fan_effect,judge_p,fan_p,effect_type,ratio,abs_diff
age,-0.3539036173102348,-0.28089763409401153,7.239013401275398e-14,4.494133162581334e-09,Pearson r,1.2599024497009093,0.07300598321622326
industry,0.06295959036713081,0.02915716283738015,0.0007110645551123287,0.13915239262394455,η²,2.159318131132264,0.033802427529750656
pro_partner,0.11480674595370435,0.03874699659614475,1.20905260411759e-06,0.1770334976745932,η²,2.9629843869015486,0.0760597493575596
homestate,0.04121096218756125,0.040773737721954466,0.06553498495006657,0.06936186616049392,η²,1.0107231882587835,0.00043722446560678224
country_region,0.013700916591777733,0.013012162247484119,0.5746579395698314,0.6093648893662993,η²,1.0529315828679269,0.0006887543442936142
