factor,judge_effect,fan_effect,diff,p_different,ci_low,ci_hi
age,-0.3539036173102348,-0.23922192803966927,0.11468168927056552,0.037,0.00705296974961787,0.2123440553752728
industry,0.06295959036713081,0.014822535246176612,0.048137055120954196,0.071,-0.006505688644242698,0.1035421120053794
pro_partner,0.11480674595370435,0.028235703446125946,0.08657104250757841,0.013,0.024923107439113648,0.15700170765229302
homestate,0.04121096218756125,0.022667486502769153,0.018543475684792095,0.567,-0.03861638314959324,0.06555763395383846
country_region,0.013700916591777733,0.003459191171181538,0.010241725420596195,0.325,-0.012852485791481258,0.036568455564685486
