outcome,factor,r,p
judge_slope,age,-0.07850665081028882,0.11513938730116677
fan_slope,age,-0.20100691020302194,4.715909249194852e-05
