outcome,factor,r,p
judge_slope,age,-0.07850665081028882,0.11513938730116677
fan_slope,age,-0.3234014396631544,2.7391115255418422e-11
